{"acc_mean":0.008272058912552893,"acc_tail":0.0048828125,"_timestamp":1.750786653690278e+09,"_runtime":96.740198742,"_step":1,"_wandb":{"runtime":96},"L_mean":8.31799488067627,"L_tail":8.317698669433593}