{"_runtime":99.876975359,"_step":1,"L_mean":8.318074417114257,"_wandb":{"runtime":99},"L_tail":8.318018913269043,"acc_mean":0.012867647310486063,"acc_tail":0.00732421875,"_timestamp":1.7507899205777805e+09}